<?xml version="1.0" encoding="UTF-8"?>
<!DOCTYPE struts PUBLIC
    "-//Apache Software Foundation//DTD Struts Configuration 2.3//EN"
    "http://struts.apache.org/dtds/struts-2.3.dtd">
<struts>
	<constant name="struts.messages.invalid.token" value="不要重复提交"></constant>
	<package name="web" extends="struts-default" namespace="/" strict-method-invocation="true">
		<action name="register" class="com.qingshixun.struts.RegisterAction" method="register">
			<result name="success">WEB-INF/views/register.jsp</result>
		</action>
		<action name="save" class="com.qingshixun.struts.RegisterAction" method="save">
			<interceptor-ref name="token" />
			<interceptor-ref name="defaultStack" />
			<result name="success">WEB-INF/views/success.jsp</result>
			<result name="false">WEB-INF/views/register.jsp?error=1</result>
			<result name="invalid.token">WEB-INF/views/invalid.jsp</result>
		</action>
	</package>
</struts>